product_name,price_amount,price_unit,image_url,product_url,category,length,width,height,dimension_unit,product_color
Amore 3 Seater Sofa,3849.0,SAR,https://cdn.abyat.com/products/619047/619047_LS_1.jpg/fit-in/1024x1024,https://www.abyat.com/sa/en/products/sofas/amore-3-seater-sofa/619047?queryId=393c307c3bfdb3f3654608c6f1df24a3,3-seater-sofa,250.0,103.0,,cm,#C4C3C2
Bubble Modular 3 Seater,5399.0,SAR,https://cdn.abyat.com/products/468856/468856_LS_1.jpg/fit-in/1024x1024,https://www.abyat.com/sa/en/products/sofas/bubble-modular-3-seater/468856?queryId=fc4030847b6d27d9ce147b34ce5e8d7e,3-seater-sofa,308.0,108.0,,cm,#28356B
Luna 3-Seater Sofa,1849.0,SAR,https://cdn.abyat.com/products/684490/684490_LS_1.jpg/fit-in/1024x1024,https://www.abyat.com/sa/en/products/sofas/luna-3-seater-sofa/684490?queryId=4a8ffdbd3ffb0c1292af3094e5dcb034,3-seater-sofa,210.0,90.0,,cm,#BA6B40
Kelly Skirted Sofa,17825.0,SAR,http://www.alrugaibfurniture.com/cdn/shop/files/kelly-skirted-sofa-4302715.png?v=1772591653,https://www.alrugaibfurniture.com/products/kelly-skirted-sofa-2993-50?variant=41353575989344,3-seater-sofa,104.14,236.22,,cm,#E7E6E3
Warrior Peak Power Reclining Sofa,4610.0,SAR,http://www.alrugaibfurniture.com/cdn/shop/files/warrior-peak-power-reclining-sofa-1840740.png?v=1772558048,https://www.alrugaibfurniture.com/products/warrior-peak-power-reclining-sofa?variant=41366778052704,3-seater-sofa,106.7,218.4,,cm,#5A534E
Libby Langdon Halsey Sofa,17595.0,SAR,http://www.alrugaibfurniture.com/cdn/shop/files/libby-langdon-halsey-sofa-3884577.png?v=1772590993,https://www.alrugaibfurniture.com/products/libby-langdon-halsey-sofa-6469-88?variant=41353580150880,3-seater-sofa,99.06,223.52,,cm,#E7E3DD
Dahlmoore Power Reclining Sofa,3670.0,SAR,http://www.alrugaibfurniture.com/cdn/shop/files/dahlmoore-power-reclining-sofa-8472492.png?v=1769752090,https://www.alrugaibfurniture.com/products/dahlmoore-power-reclining-sofa?variant=40796139094112,3-seater-sofa,101.6,106.68,,cm,#C9BEAE
Kendal 2 Seater Sofa,3899.0,SAR,https://cdn.abyat.com/products/482757/482757_PI_1.png/fit-in/1024x1024,https://www.abyat.com/sa/en/products/sofas/kendal-2-seater-sofa/482757?queryId=1acf3532c0ca32c44c222c206472bdf5,2-seater-sofa,93.0,175.0,,cm,#9E9C7F
Danum Reclining Loveseat,2200.0,SAR,https://www.alrugaibfurniture.com/cdn/shop/files/danum-reclining-loveseat-9440055_1800x1800.png?v=1774757347,https://www.alrugaibfurniture.com/products/danum-reclining-loveseat?variant=42107942174816,2-seater-sofa,104.14,162.56,,cm,#DAD7D3
Libby Langdon Francis Left Arm Sofa,16675.0,SAR,http://www.alrugaibfurniture.com/cdn/shop/files/libby-langdon-francis-left-arm-sofa-7614109.png?v=1772591111,https://www.alrugaibfurniture.com/products/libby-langdon-francis-left-arm-sofa-6329-52?variant=41353579462752,2-seater-sofa,88.9,226.06,,cm,#E6DED3
Cannes Blonde Loveseat,1570.0,SAR,http://www.alrugaibfurniture.com/cdn/shop/files/cannes-blonde-loveseat-5527087.png?v=1769246349,https://www.alrugaibfurniture.com/products/cannes-blonde-loveseat?variant=42154344415328,2-seater-sofa,89.0,93.0,,cm,#D9CBB8
Furlano Sofa,8775.0,SAR,http://www.alrugaibfurniture.com/cdn/shop/files/furlano-sofa-3155668.png?v=1769242267,https://www.alrugaibfurniture.com/products/furlano-sofa?variant=42165708882016,2-seater-sofa,85.0,240.0,,cm,#D8D1CA
Ats 4 seater sofa,3640.0,SAR,http://www.alrugaibfurniture.com/cdn/shop/files/ats-4-seater-sofa-3044352.png?v=1769251749,https://www.alrugaibfurniture.com/products/ats-4-seater-sofa?variant=42155288395872,2-seater-sofa,81.5,105.5,,cm,#8B7F74
Web Exclusive WHC25240 Sofas,8850.0,SAR,http://www.alrugaibfurniture.com/cdn/shop/products/web-exclusive-whc25240-sofas-6388851.png?v=1766487072,https://www.alrugaibfurniture.com/products/mishael-yellow-sofa?variant=41162385719392,2-seater-sofa,74.0,266.0,,cm,#A28643
Bubble Modular 3 Seater Sofa With Ottoman,6599.0,SAR,https://cdn.abyat.com/products/468857/468857_LS_1.jpg/fit-in/1024x1024,https://www.abyat.com/sa/en/products/sofas/bubble-modular-3-seater-sofa-with-ottoman/468857?queryId=fc4030847b6d27d9ce147b34ce5e8d7e,l-shape-sofa,308.0,200.0,,cm,#D9D3CA
Track Lite Lite Magnetic Path Lyst,58.0,SAR,https://cdn.salla.sa/XaeeA/d1703b5d-124e-4cc1-98b7-5b1ae33d3afa-1000x1000-pzW1fDiJCWQ6EEafvfyUlit1z7ApJu2mk2qSkjwr.png,https://mesaky.com/ar/VqXejyE,l-shape-sofa,200.0,3.4,,cm,
Modern corner sofa - gray color,3672.0,SAR,https://cdn.salla.sa/XaeeA/0e1c6a10-3728-49c6-9c1c-2b7f7062c3c5-1000x1000-i6lOnYfhBwpJ1GjyOIKeWT4onCwLOiypl7RtGREs.png,https://mesaky.com/ar/RAoKqXP,l-shape-sofa,300.0,180.0,,cm,
Modern corner sofa - beige color,3438.0,SAR,https://cdn.salla.sa/XaeeA/ef20c9ea-1d08-43e9-94ff-f9ddfa800d07-1000x1000-Aj57U9mtzNXh93RzJoXfNj54m9WH6hQVVtQWktDB.png,https://mesaky.com/ar/aenrbbl,l-shape-sofa,280.0,180.0,,cm,
Modern sofa shape the shape of the color of the color - gray,3728.0,SAR,https://cdn.salla.sa/XaeeA/058b38eb-4132-4d4f-8767-56509378e769-1000x1000-sFG68cgzWISnP3SxBBDiH5Wja1OBCzjeMDoUADAB.jpg,https://mesaky.com/ar/bRVejOw,l-shape-sofa,150.0,280.0,,cm,
"Modern sofa, the shape of the letter of the color - of white",3200.0,SAR,https://cdn.salla.sa/XaeeA/bd7889ec-1449-4728-bc4a-36049db870ba-1000x1000-AwngiDExxG64iYJcWX4nwdkqKflNQ79ejF4tAGxE.jpg,https://mesaky.com/ar/onbaBVR,l-shape-sofa,250.0,350.0,,cm,
Modern design angle sofa - ivory color,3672.0,SAR,https://cdn.salla.sa/XaeeA/acee7913-811f-477b-a9b4-007bbddd62c8-1000x1000-ihwzZX4rE2UcELc74JJ6xYXdXla2ln0SfEy4Dobz.png,https://mesaky.com/ar/BrbPoWV,l-shape-sofa,265.0,205.0,,cm,
Dresden Lounge Chair,8740.0,SAR,https://www.alrugaibfurniture.com/cdn/shop/files/dresden-lounge-chair-7746434_1080x.jpg?v=1761909757,https://www.alrugaibfurniture.com/products/dresden-lounge-chair-1495-01?variant=41353539256416,chair,80.01,73.66,,cm,#A45A2A
Hana Dining Chair,360.0,SAR,http://www.alrugaibfurniture.com/cdn/shop/files/hana-dining-chair-6292957.png?v=1769758813,https://www.alrugaibfurniture.com/products/hana-dining-chair?variant=40904950218848,chair,82.0,56.0,,cm,#A7A19D
Reforma Uph Side chair,1610.0,SAR,https://www.alrugaibfurniture.com/cdn/shop/files/reforma-uph-side-chair-6973567_1800x1800.png?v=1774784236,https://www.alrugaibfurniture.com/products/reforma-uph-side-chair?variant=41603294429280,chair,89.33,55.88,,cm,#8B6E53
Rhapsody Side Chair - 2 per carton/price ea,3635.0,SAR,https://www.alrugaibfurniture.com/cdn/shop/files/rhapsody-side-chair-2-per-cartonprice-ea-6102847_1800x1800.png?v=1774848368,https://www.alrugaibfurniture.com/products/rhapsody-side-chair-2-per-carton-price-ea?variant=39530788552800,chair,46.0,22.0,,cm,#D8CBB7
Lusso Single Chair,2699.0,SAR,https://cdn.abyat.com/products/485387/485387_LS_1.jpg/fit-in/1024x1024,https://www.abyat.com/sa/en/products/chairs/lusso-single-chair/485387?queryId=50b5af08e418ace398d647d1bf591053,chair,92.0,83.0,,cm,#B56F3D
Misty Mini Chair,349.0,SAR,https://cdn.abyat.com/products/489147/489147_LS_1.jpg/fit-in/1024x1024,https://www.abyat.com/sa/en/products/bedroom/misty-mini-chair/489147?queryId=e7e7d0d814b3a75692c2413e39de6b4f,chair,60.0,60.0,,cm,#8B5626
Marius Brown Accent Chair,2795.0,SAR,https://www.alrugaibfurniture.com/cdn/shop/files/marius-brown-accent-chair-1021477_1800x1800.png?v=1774779427,https://www.alrugaibfurniture.com/products/marius-brown-accent-chair?variant=42156459229280,chair,84.0,80.0,,cm,#6B4E3A
"SONGESAND Bed frame with 4 storage boxes, brown/Leirsund, 160x200 cm",2145.0,SAR,https://www.ikea.com/sa/en/images/products/songesand-bed-frame-with-4-storage-boxes-brown-leirsund__1151018_pe884725_s5.jpg?f=xl,https://www.ikea.com/sa/en/p/songesand-bed-frame-with-4-storage-boxes-brown-leirsund-s39241169/,bed,207.0,173.0,,cm,#4D2E1B
Eastwood Youth Queen UPH Bed in Off-White,1160.0,SAR,https://www.alrugaibfurniture.com/cdn/shop/files/eastwood-youth-queen-uph-bed-in-off-white-4335074_1080x.jpg?v=1758491675,https://www.alrugaibfurniture.com/products/eastwood-youth-queen-uph-bed-in-off-white?variant=41484637732960,bed,162.56,165.1,,cm,#EFEEE9
Wood and velvet bed - beige,2988.0,SAR,https://cdn.salla.sa/XaeeA/e0d287cb-32bc-4abd-979d-909a7835f335-1000x1000-kDg9NmPDVRgEoCHkUv8ZNLcG6NpPFVHciYnn4093.jpg,https://mesaky.com/ar/EZgrGOB,bed,200.0,160.0,,cm,#D6CDC9
A modern hotel bed with a vertical panel detailing multiple sizes,1370.0,SAR,https://cdn.salla.sa/XaeeA/a7f175ca-f25b-4515-94a7-207a2a463207-1000x934.36293436293-7OY5V2xi3mR4HkilKa4G0oaWaUfFrwFpvqroyeDy.png,https://mesaky.com/ar/ydqolOB,bed,200.0,120.0,,cm,#A59094
Super King Wood and Cctrics - Beige,2988.0,SAR,https://cdn.salla.sa/XaeeA/3668b91e-bf9f-4e86-9d55-0dec67f32fb6-1000x1000-iiH5g29ZvAkT7c11SMUjNhl9eiEALXlaeRaT0AGQ.jpg,https://mesaky.com/ar/jZvjbAY,bed,200.0,180.0,,cm,#C8C3BD
Luxurious wooden bed modern design - gray color - choose the size,2114.0,SAR,https://cdn.salla.sa/XaeeA/d2e2d494-3c51-4d46-a345-0652e11fcaa0-1000x1000-3rHtt3Em6e7eRqxmFL4Wk9VOf2vLjM8VhARFv6dZ.png,https://mesaky.com/ar/YgdZrBW,bed,200.0,160.0,,cm,#6B6765
Lusik Tv Unit Upto 60 Inches Melamine - White Glossy,275.0,SAR,https://panhome.com/media/catalog/product/0/4/042FKM0800186_1_11.jpg,https://www.panhome.com/ksa_en/lusik-tv-unit-upto-60-inches-melamine-white-glossy-042fkm0800186,tv-table,160.0,42.0,61.0,cm,#F5F6F7
Nior Tv Unit Up To 60 Inches - Brown,325.0,SAR,https://panhome.com/media/catalog/product/0/4/042xgd1900116_20.jpg,https://www.panhome.com/ksa_en/nior-tv-unit-up-to-60-inches-brown-042xgd1900116,tv-table,160.0,40.0,47.0,cm,#3B2E25
Ellis Tv Unit Upto 60 Inches With 2 Door Melamine - Natural & Black,350.0,SAR,https://panhome.com/media/catalog/product/0/2/025JLV0500145_6.jpg,https://www.panhome.com/ksa_en/ellis-tv-unit-upto-60-inches-with-2-door-melamine-natural-black-025jlv0500145,tv-table,150.0,40.0,60.0,cm,#1C1C1C
Jetta Tv Unit Upto 70 Inches | Black & White,579.0,SAR,https://panhome.com/media/catalog/product/0/4/042FYM5800044_8.jpg,https://www.panhome.com/ksa_en/jetta-tv-unit-upto-70-inches-black-white-042fym5800044,tv-table,180.0,40.0,60.0,cm,#2F2F2F
Vieira Entertainment Unit Up To 50 Inches - Brown Off White,450.0,SAR,https://panhome.com/media/catalog/product/0/4/042lbr1900029_1.jpg,https://www.panhome.com/ksa_en/vieira-entertainment-unit-up-to-50-inches-brown-off-white-042lbr1900029,tv-table,161.0,36.0,188.0,cm,#6B4423
Solmai Tv Unit Marble - Brown Cream,3999.0,SAR,https://panhome.com/media/catalog/product/0/4/042PCN1900112_5.jpg,https://www.panhome.com/ksa_en/solmai-tv-unit-marble-brown-cream-042pcn1900112,tv-table,207.0,46.0,52.0,cm,#AC7B4E
"Iranian carpet scenery, handcrafted natural wool Size: 2x1.2 m",1545.0,SAR,https://cdn.salla.sa/XaeeA/a6PVdpwgCVuUiN1SM0Cn4HLFUHnLsR7DBpSVa6Yx.jpg,https://mesaky.com/ar/qQpZedv,carpet,200.0,120.0,,cm,#8B3D24
Iranian Sarouk Carpet Manufacturing Size: 3*4 m,3690.0,SAR,https://cdn.salla.sa/XaeeA/0XBMgU2UIX04Ab4uiB5flCR0phQkwRUgl3OCZGsj.jpg,https://mesaky.com/ar/QdxoYZV,carpet,300.0,400.0,,cm,#1B1B4D
Elba Rug 160x230cm - Grey,399.0,SAR,https://panhome.com/media/catalog/product/2/5/251vhs9900048.jpg,https://www.panhome.com/ksa_en/elba-rug-160x230cm-grey-251vhs9900048,carpet,230.0,160.0,200.0,cm,#EAE7DF
Walt Welcome Door Mat 55x90cm-Natural/Black,89.0,SAR,https://panhome.com/media/catalog/product/2/5/252TAC9900027.jpg,https://www.panhome.com/ksa_en/walt-welcome-door-mat-55x90cm-natural-black-252tac9900027,carpet,90.0,55.0,1.0,cm,#BC935F
Togo Prayer Mat 80x120cm - Blue,169.0,SAR,https://panhome.com/media/catalog/product/2/5/253AIC9903022_3.jpg,https://www.panhome.com/ksa_en/togo-prayer-mat-80x120cm-blue-253aic9903022,carpet,120.0,80.0,1.0,cm,#4A8DD9
Erin Velvet Shaggy Rug Beige 120x160cm,259.0,SAR,https://panhome.com/media/catalog/product/2/5/251TKO9900077_4.jpg,https://www.panhome.com/ksa_en/erin-velvet-shaggy-rug-beige-120x160cm-251tko9900077,carpet,160.0,120.0,1.0,cm,#D9D9D6
Striation 4 Door Cabinet,13030.0,SAR,http://www.alrugaibfurniture.com/cdn/shop/files/striation-4-door-cabinet-3641510.jpg?v=1769938168,https://www.alrugaibfurniture.com/products/striation-4-door-cabinet?variant=39853912621152,console,215.9,81.28,,cm,#A68956
Sundries Palm Leaf Credenza,15525.0,SAR,https://www.alrugaibfurniture.com/cdn/shop/files/sundries-palm-leaf-credenza-3985026_1080x.jpg?v=1758495399,https://www.alrugaibfurniture.com/products/sundries-palm-leaf-credenza?variant=41353656074336,console,76.2,200.66,,cm,#4B2E16
Repose - Repose Wooden Console Table,9200.0,SAR,https://www.alrugaibfurniture.com/cdn/shop/files/repose-repose-wooden-console-table-4127614_1080x.jpg?v=1763877077,https://www.alrugaibfurniture.com/products/repose-repose-wooden-console-table?variant=41162691739744,console,81.3,152.4,,cm,#A89C8C
Havalance Sofa/Console Table,698.0,SAR,http://www.alrugaibfurniture.com/cdn/shop/files/havalance-sofaconsole-table-2330194.jpg?v=1765698911,https://www.alrugaibfurniture.com/products/havalance-sofa-table?variant=42168471978080,console,70.82,115.57,,cm,#D6D0C7
Yulia Console Table Marble - Brown,2599.0,SAR,https://panhome.com/media/catalog/product/0/4/041VCN1000003_5.jpg,https://www.panhome.com/ksa_en/yulia-console-table-marble-brown-041vcn1000003,console,167.0,51.0,69.0,cm,#A97456
Siara Sideboard With 4 Door Wood - Cream,2999.0,SAR,https://panhome.com/media/catalog/product/0/2/025JTI4800186_7.jpg,https://www.panhome.com/ksa_en/siara-sideboard-with-4-door-wood-cream-025jti4800186,console,200.0,45.0,76.0,cm,#D8B992
Merrily 6 Door Wardrobe - Walnut,3299.0,SAR,https://panhome.com/media/catalog/product/0/1/016DJI1100023_19.jpg,https://www.panhome.com/ksa_en/merrily-6-door-wardrobe-walnut-016dji1100023,wardrobe,241.0,63.0,226.0,cm,#855E3B
Gizmo 6 Door Wardrobe - Beige,2799.0,SAR,https://panhome.com/media/catalog/product/0/1/016sdd1000006.jpg,https://www.panhome.com/ksa_en/gizmo-6-door-wardrobe-beige-016sdd1000006,wardrobe,235.0,56.0,236.0,cm,#E6E1D7
Philip 6 Door Wardrobe - White,1799.0,SAR,https://panhome.com/media/catalog/product/0/1/016GDB0800009_10.jpg,https://www.panhome.com/ksa_en/philip-6-door-wardrobe-white-016gdb0800009,wardrobe,240.0,60.0,220.0,cm,#FFFFFF
Lucille 6 Door Wardrobe - White,5499.0,SAR,https://panhome.com/media/catalog/product/0/1/016GFR0800351_11.jpg,https://www.panhome.com/ksa_en/lucille-6-door-wardrobe-white-016gfr0800351,wardrobe,281.0,62.0,231.0,cm,#F2EEE9
Lyrah 6 Door Wardrobe - Walnut,5599.0,SAR,https://panhome.com/media/catalog/product/0/1/016fha1100088.jpg,https://www.panhome.com/ksa_en/lyrah-6-door-wardrobe-walnut-016fha1100088,wardrobe,252.0,60.0,231.0,cm,#7F4B2B
Wrenley 5 Door Wardrobe - Beige,1899.0,SAR,https://panhome.com/media/catalog/product/0/1/016DYD1000034_9.jpg,https://www.panhome.com/ksa_en/wrenley-5-door-wardrobe-beige-016dyd1000034,wardrobe,228.0,62.0,218.0,cm,#C9A87F
Luna Kids Nightstand - Blue,399.0,SAR,https://panhome.com/media/catalog/product/0/7/073EOS1300043_18.jpg,https://www.panhome.com/ksa_en/luna-kids-nightstand-blue-073eos1300043,side-table,52.0,44.0,53.0,cm,#F2F2F2
Best Cream Kids Nightstand - Cream,340.0,SAR,https://panhome.com/media/catalog/product/0/7/073EOS4800032_14.jpg,https://www.panhome.com/ksa_en/best-cream-kids-nightstand-cream-073eos4800032,side-table,52.0,45.0,51.0,cm,#F0EADA
Clam Kids Nightstand - White,350.0,SAR,https://panhome.com/media/catalog/product/0/7/073BFS0800006_5.jpg,https://www.panhome.com/ksa_en/clam-kids-nightstand-white-073bfs0800006,side-table,48.0,40.0,60.0,cm,#F5F0E6
Dasher Kids Night Stand,199.0,SAR,https://panhome.com/media/catalog/product/0/5/055SMY0800064_6.jpg,https://www.panhome.com/ksa_en/dasher-kids-night-stand-055smy0800064,side-table,50.0,45.0,48.0,cm,#FFFFFF
Hedren Kids Dresser With 3 Drawers And Storage Melamine - Natural & Grey,225.0,SAR,https://panhome.com/media/catalog/product/0/7/073FKM0500171_21.jpg,https://www.panhome.com/ksa_en/hedren-kids-dresser-with-3-drawers-and-storage-melamine-natural-grey-073fkm0500171,side-table,95.0,42.0,85.0,cm,#808080
Philomina Nightstand With 2 Drawer - Beige,450.0,SAR,https://panhome.com/media/catalog/product/0/1/013FPH1000013_6.jpg,https://www.panhome.com/ksa_en/philomina-nightstand-with-2-drawer-beige-013fph1000013,side-table,55.0,40.0,54.0,cm,#F0EDE8
White marble medium table,1590.0,SAR,https://cdn.salla.sa/XaeeA/f19dcc00-8a1f-4037-a65c-5085452b2fdd-1000x1000-oNIX48PveRKQSAMM1kkanr7AuKdpzptRvsUmFyrO.png,https://mesaky.com/ar/xAPWGRa,center-table,100.0,40.0,,cm,#DAD7CF
Iron and black glass table - 80 x 80 x 45 cm,706.0,SAR,https://cdn.salla.sa/XaeeA/9e599bba-8f5c-4c5d-8bfa-e3ac05a6f7e8-1000x1000-qLMEVgBHadvSoNp8GZ5u8F2Juf9z3qmOqepKpr78.jpg,https://mesaky.com/ar/qQlGDNb,center-table,80.0,80.0,,cm,#756758
"WOOD, 49"" CARVED INLAY COFFEE TABLE, NATURAL",4530.0,SAR,https://www.alrugaibfurniture.com/cdn/shop/files/wood-49-carved-inlay-coffee-table-natural-153151_1080x.webp?v=1770021414,https://www.alrugaibfurniture.com/products/wood-49-carved-inlay-coffee-table-natural?variant=41844965572704,center-table,40.64,66.04,,cm,#EDE4D3
Gotham Cognac Coffee Table,1971.0,SAR,https://www.alrugaibfurniture.com/cdn/shop/files/gotham-cognac-coffee-table-8585610_1080x.jpg?v=1770101044,https://www.alrugaibfurniture.com/products/gotham-cognac-coffee-table?variant=41498871398496,center-table,39.62,121.92,,cm,#9B6F42
Occasional Table Set,2845.0,SAR,http://www.alrugaibfurniture.com/cdn/shop/files/occasional-table-set-2476163.webp?v=1769483827,https://www.alrugaibfurniture.com/products/realyn-table-set-1?variant=42164799570016,center-table,50.5,122.25,,cm,#D4CFC5
Mysa Coffee Table,2030.0,SAR,http://www.alrugaibfurniture.com/cdn/shop/files/mysa-coffee-table-3321609.png?v=1772421248,https://www.alrugaibfurniture.com/products/mysa-coffee-table?variant=41852627091552,center-table,80.0,284.0,,cm,#5B5147
"Standing ground lighting - long, curved wooden plane",838.0,SAR,https://cdn.salla.sa/XaeeA/853d5c5b-9b12-49ea-8091-09ad1c80e53e-1000x1000-4CzKvDJaY8nlmTOLTkMEfSgwuN8I9FcNsDkRAZyQ.png,https://mesaky.com/ar/zvqDDvl,floor-stand,180.0,30.0,,cm,#C19A6B
Lighting Stand Erbaga Modern Modern Design,518.0,SAR,https://cdn.salla.sa/XaeeA/359bba4b-1955-45a7-baf1-162346b08b97-1000x1000-T6AOCMpmLAM7bNHx2Yw5XTWcG2qiwhg20ZvKbPFq.png,https://mesaky.com/ar/OqOWGdN,floor-stand,155.0,30.0,,cm,#B08D57
Lighting a modern Crystal Crystal Land,1599.0,SAR,https://cdn.salla.sa/XaeeA/c77d259d-089c-40bc-8245-c5ab147eba18-1000x1000-1qXMsTtCMp3e7m00PEOaiU44O63e4ATUC29fm7ON.png,https://mesaky.com/ar/zvGqjmd,floor-stand,168.0,45.0,,cm,#D4AF37
Sand lighting with a classic cover - black and golden color,665.0,SAR,https://cdn.salla.sa/XaeeA/84f6b076-fb52-4e35-9287-986cc259aea9-1000x1000-Pyw9nkWSDt7g1gLGu2g7QkypZ7jROXxuxm9qZimt.png,https://mesaky.com/ar/zvGXmKO,floor-stand,165.0,45.0,,cm,#B87C54
Lighting a modern glass plate,797.0,SAR,https://cdn.salla.sa/XaeeA/fc7c248a-d609-49e7-a6e7-4b5ec76a42e0-1000x1000-i9Xa3mazhnTrXSBMgVdoAqJqDUPeLfiTSr9DMJJr.png,https://mesaky.com/ar/RAOnKRj,floor-stand,44.0,24.0,,cm,
Lighting Stand Crystal Modern Crystal Lighting with a modern design - silver color,927.0,SAR,https://cdn.salla.sa/XaeeA/075eb5cc-1f34-4099-b4dc-410259ab539a-1000x1000-3g1d2roYQUQBpxpfIyN4tkluKMZoxyqAJoJKTATt.png,https://mesaky.com/ar/YgxompE,floor-stand,65.0,35.0,,cm,
Canvas Wall Art Stretched Over Wooden Frame with Floating Frame and plant Painting CV4209,235.0,SAR,https://www.alrugaibfurniture.com/cdn/shop/files/canvas-wall-art-stretched-over-wooden-frame-with-floating-frame-and-plant-painting-cv4209-582855_1080x.jpg?v=1750315900,https://www.alrugaibfurniture.com/products/canvas-wall-art-stretched-over-wooden-frame-with-floating-frame-and-plant-painting-cv4209?variant=41883119157344,art-canvas,60.0,40.0,,cm,#E8D9C3
LOWHA Circle Painting Floating Frame Canvas Wall Art - 40x60 cm,219.0,SAR,https://cdn.media.amplience.net/i/lmg/168353093-168353093-HC25062025_01-2100.jpg?$prodimg-d-sqr-4$&$quality-standard$&fmt=auto&sm=c&$prodimg-d-sqr-pdp-2x$,https://www.homecentre.com/sa/en/Household/Wall-Decor-%26-Mirrors/Wall-Art/LOWHA-LOWHA-Circle-Painting-Floating-Frame-Canvas-Wall-Art---40x60-cm/p/168353093,art-canvas,40.0,3.8,60.0,cm,
Keres Framed Canvas Wall Art - 120x80 cm,599.0,SAR,https://media.homecentre.com/i/homecentre/168234486-168234486-HC07082025_01-2100.jpg?$prodimg-d-sqr-4$&$quality-standard$&fmt=auto&sm=c&$prodimg-d-sqr-pdp-2x$,https://www.homecentre.com/sa/en/Household/Wall-Decor-%26-Mirrors/Wall-Art/HOME-CENTRE-Keres-Framed-Canvas-Wall-Art---120x80-cm/p/168234486,art-canvas,120.0,3.5,80.0,cm,
LOWHA Abstract Floating Frame Canvas Wall Art - 50x70 cm,269.0,SAR,https://cdn.media.amplience.net/i/lmg/168353185-168353185-HC25062025_01-2100.jpg?$prodimg-d-sqr-4$&$quality-standard$&fmt=auto&sm=c&$prodimg-d-sqr-pdp-2x$,https://www.homecentre.com/sa/en/Household/Wall-Decor-%26-Mirrors/Wall-Art/LOWHA-LOWHA-Abstract-Floating-Frame-Canvas-Wall-Art---50x70-cm/p/168353185,art-canvas,50.0,3.8,70.0,cm,
LOWHA  Abstract Framed Canvas Wall Art - 50x70 cm,269.0,SAR,https://cdn.media.amplience.net/i/lmg/168353275-168353275-HC25062025_01-2100.jpg?$prodimg-d-sqr-4$&$quality-standard$&fmt=auto&sm=c&$prodimg-d-sqr-pdp-2x$,https://www.homecentre.com/sa/en/Household/Wall-Decor-%26-Mirrors/Wall-Art/LOWHA-LOWHA-Abstract-Framed-Canvas-Wall-Art---50x70-cm/p/168353275,art-canvas,50.0,3.8,70.0,cm,
LOWHA  Abstract Framed Canvas Wall Art - 50x70 cm,269.0,SAR,https://cdn.media.amplience.net/i/lmg/168353265-168353265-HC25062025_01-2100.jpg?$prodimg-d-sqr-4$&$quality-standard$&fmt=auto&sm=c&$prodimg-d-sqr-pdp-2x$,https://www.homecentre.com/sa/en/Household/Wall-Decor-%26-Mirrors/Wall-Art/LOWHA-LOWHA-Abstract-Framed-Canvas-Wall-Art---50x70-cm/p/168353265,art-canvas,50.0,3.8,70.0,cm,
Wall watch and table with two screens from the Two Holy Mosques,135.0,SAR,https://cdn.salla.sa/XaeeA/iYR8avySZzsIS42bSbfiza9WBVHkpmiOmLnr2Z9t.png,https://mesaky.com/ar/aedEeov,wall-clock,22.5,21.5,,cm,
A bike shape - a heavenly color,87.0,SAR,https://cdn.salla.sa/XaeeA/VEfrQyYQTWAT8najm8YkT5Hoh9VxNRKxzAOCAxIo.jpg,https://mesaky.com/ar/RwvKow,wall-clock,23.0,38.0,,cm,
Marlow Double Sided Railway Clock 29x9x28.5cm - Black,119.0,SAR,https://panhome.com/media/catalog/product/1/9/195AIC9902833_3.jpg,https://www.panhome.com/ksa_en/marlow-double-sided-railway-clock-29x9x28-5cm-black-195aic9902833,wall-clock,29.0,9.0,28.5,cm,#1A1A1A
Holland Wall Clock Dia 30x4.2cm- Yellow,25.0,SAR,https://panhome.com/media/catalog/product/1/9/195AIC9902818_6.jpg,https://www.panhome.com/ksa_en/holland-wall-clock-dia-30x4-2cm-yellow-195aic9902818,wall-clock,30.0,4.2,30.0,cm,#FFFFFF
Rhine Wall Clock Dia 51x4.5cm - Orange,59.0,SAR,https://panhome.com/media/catalog/product/1/9/195AIC9902820_6.jpg,https://www.panhome.com/ksa_en/rhine-wall-clock-dia-51x4-5cm-orange-195aic9902820,wall-clock,51.0,4.5,51.0,cm,#E27A24
Terrano Gear Wall Clock Dia 50x8cm - Green,229.0,SAR,https://panhome.com/media/catalog/product/1/9/195KGA9900042_5.jpg,https://www.panhome.com/ksa_en/terrano-gear-wall-clock-dia-50x8cm-green-195kga9900042,wall-clock,55.5,11.0,56.5,cm,#6D645A
"PINNTORP / PINNTORP Table and 4 chairs, light brown stained red stained/Katorp natural light brown stained, 125 cm",1491.0,SAR,https://www.ikea.com/sa/en/images/products/pinntorp-pinntorp-table-and-4-chairs-light-brown-stained-red-stained-katorp-natural-light-brown-stained__1328461_pe944796_s5.jpg?f=xxs,https://www.ikea.com/sa/en/p/pinntorp-pinntorp-table-and-4-chairs-light-brown-stained-red-stained-katorp-natural-light-brown-stained-s89570233/,dining-table,125.0,75.0,,cm,#B35B4E
"VOXLÖV / VOXLÖV Table and 4 chairs, bamboo/bamboo, 180x90 cm",2575.0,SAR,https://www.ikea.com/sa/en/images/products/voxloev-voxloev-table-and-4-chairs-bamboo-bamboo__0926660_pe789444_s5.jpg?f=xxs,https://www.ikea.com/sa/en/p/voxloev-voxloev-table-and-4-chairs-bamboo-bamboo-s29388656/,dining-table,180.0,90.0,,cm,#DCC9A5
"SKOGSTA / NORDVIKEN Table and 6 chairs, acacia/black, 235x100 cm",3765.0,SAR,https://www.ikea.com/sa/en/images/products/skogsta-nordviken-table-and-6-chairs-acacia-black__1097254_pe864851_s5.jpg?f=xxs,https://www.ikea.com/sa/en/p/skogsta-nordviken-table-and-6-chairs-acacia-black-s69482690/,dining-table,235.0,100.0,,cm,#C8A165
"LISABO / LISABO Table and 4 chairs, ash/Tallmyra white/black, 140x78 cm",1795.0,SAR,https://www.ikea.com/sa/en/images/products/lisabo-lisabo-table-and-4-chairs-ash-tallmyra-white-black__1255122_pe924440_s5.jpg?f=xxs,https://www.ikea.com/sa/en/p/lisabo-lisabo-table-and-4-chairs-ash-tallmyra-white-black-s99554826/,dining-table,140.0,78.0,,cm,#E4CEA9
"DUVSKÄR Table and 2 chairs, outdoor/black-blue",1157.0,SAR,https://www.ikea.com/sa/en/images/products/duvskaer-table-and-2-chairs-outdoor-black-blue__1146147_pe882918_s5.jpg?f=xxs,https://www.ikea.com/sa/en/p/duvskaer-table-and-2-chairs-outdoor-black-blue-s79494862/,dining-table,80.0,57.0,,cm,#22303E
"VIHALS / VIHALS Table and 6 chairs, white/white Tibbleby beige-grey, 120/180x74 cm",1393.0,SAR,https://www.ikea.com/sa/en/images/products/vihals-vihals-table-and-6-chairs-white-white-tibbleby-beige-grey__1388781_pe964951_s5.jpg?f=xxs,https://www.ikea.com/sa/en/p/vihals-vihals-table-and-6-chairs-white-white-tibbleby-beige-grey-s39589961/,dining-table,120.0,74.0,,cm,#F9F9F7
Gild Mixed Floral Arrangement in Ceramic Pot - 28 cm,119.0,SAR,https://media.homecentre.com/i/homecentre/167431604-167431604-HC21022025_01-2100.jpg?$prodimg-d-sqr-3$&$quality-standard$&fmt=auto&sm=c&$prodimg-d-sqr-pdp-2x$,https://www.homecentre.com/sa/en/Household/Garden-%26-Outdoor/Artificial-Flowers-%26-Plants/Flowers/HOME-CENTRE-Gild-Mixed-Floral-Arrangement-in-Ceramic-Pot---28-cm/p/167431604,flower-pot-and-plant,28.0,28.0,28.0,cm,
Orchid Flower on Ceramic Pot - 74 cms,95.0,SAR,https://media.homecentre.com/i/homecentre/161003370-161003370-HC070419_01-2100.jpg?$prodimg-d-sqr-3$&$quality-standard$&fmt=auto&sm=c&$prodimg-d-sqr-pdp-2x$,https://www.homecentre.com/sa/en/Household/Garden-%26-Outdoor/Artificial-Flowers-%26-Plants/Flowers/HOME-CENTRE-Orchid-Flower-on-Ceramic-Pot---74-cms/p/161003370,flower-pot-and-plant,56.0,30.5,74.0,cm,
Zinnia Watering Can 35x13x18cm -Black,29.0,SAR,https://panhome.com/media/catalog/product/2/2/223SOI9900010_4.jpg,https://www.panhome.com/ksa_en/zinnia-watering-can-35x13x18cm-black-223soi9900010,flower-pot-and-plant,35.0,13.0,18.0,cm,#000000
Reston Hanging Planter Dia17x14cm - Natural Orange,19.0,SAR,https://panhome.com/media/catalog/product/2/2/221TBD9900147_8.jpg,https://www.panhome.com/ksa_en/reston-hanging-planter-dia17x14cm-natural-orange-221tbd9900147,flower-pot-and-plant,17.0,17.0,14.0,cm,#A5693F
Tucker 4-Tier Wooden Planter Stand 34x34x115cm - Black,129.0,SAR,https://panhome.com/media/catalog/product/0/4/043fhi1100002.jpg,https://www.panhome.com/ksa_en/tucker-4-tier-wooden-planter-stand-34x34x115cm-black-043fhi1100002,flower-pot-and-plant,34.0,34.0,115.0,cm,#8B6B3C
Wade Metal Decor Vase 25x25x52cm - Antique Gold,199.0,SAR,https://panhome.com/media/catalog/product/1/1/112NDE9900029_5.jpg,https://www.panhome.com/ksa_en/wade-metal-decor-vase-25x25x52cm-antique-gold-112nde9900029,flower-pot-and-plant,25.0,25.0,52.0,cm,#5B3A1A
